[
{
  "model": "sessions.session",
  "pk": "akgdeazseyuszc3lhml2w22wucp5lcrb",
  "fields": {
    "session_data": ".eJxVjEEOwiAQRe_C2pBSGMq4dO8ZCMyAVA0kpV0Z765NutDtf-_9l_BhW4vfelr8zOIsYBKn3zEGeqS6E76HemuSWl2XOcpdkQft8to4PS-H-3dQQi_f2jFpUEmNZBEsMmowLo4KAQJamoAzu6yRhkw6UTYDZ0PMQKjYohPvDwMoOGU:1u7Mj9:4EjeygZCL_yyc9yDdCQMICbeg0w8KfeeWW2mTpR9t8Y",
    "expire_date": "2025-05-06T23:08:31.724Z"
  }
},
{
  "model": "sessions.session",
  "pk": "b20i7glfll6nnfa47d5sdkym6lun5wyp",
  "fields": {
    "session_data": ".eJxVjEEOwiAQRe_C2pBSGMq4dO8ZCMyAVA0kpV0Z765NutDtf-_9l_BhW4vfelr8zOIsYBKn3zEGeqS6E76HemuSWl2XOcpdkQft8to4PS-H-3dQQi_f2jFpUEmNZBEsMmowLo4KAQJamoAzu6yRhkw6UTYDZ0PMQKjYohPvDwMoOGU:1u9O0c:qMqipxpiyhH9K8xh9HYYxvMy-2gqFXlGYAvMSE9ExRI",
    "expire_date": "2025-05-12T12:54:54.406Z"
  }
},
{
  "model": "sessions.session",
  "pk": "jtqhoe3vmp8ajrxic4cnoiw3nyc4qvz8",
  "fields": {
    "session_data": ".eJxVjEEOwiAQRe_C2pBSGMq4dO8ZCMyAVA0kpV0Z765NutDtf-_9l_BhW4vfelr8zOIsYBKn3zEGeqS6E76HemuSWl2XOcpdkQft8to4PS-H-3dQQi_f2jFpUEmNZBEsMmowLo4KAQJamoAzu6yRhkw6UTYDZ0PMQKjYohPvDwMoOGU:1uAjLP:wIufCZ84aAp0kvzTJDdP8hzNDJ4rtS9wgObsBNNIYbg",
    "expire_date": "2025-05-16T05:53:55.948Z"
  }
},
{
  "model": "sessions.session",
  "pk": "kpthzw7iyvxs9a60yoq1n8f3l37prw5w",
  "fields": {
    "session_data": ".eJxVjEEOwiAQRe_C2pBSGMq4dO8ZCMyAVA0kpV0Z765NutDtf-_9l_BhW4vfelr8zOIsYBKn3zEGeqS6E76HemuSWl2XOcpdkQft8to4PS-H-3dQQi_f2jFpUEmNZBEsMmowLo4KAQJamoAzu6yRhkw6UTYDZ0PMQKjYohPvDwMoOGU:1u2x2D:Bv-E-vrkDZTJx8AiaPtM88U3pxN-ISarSfv9Iid1z7c",
    "expire_date": "2025-04-24T18:53:57.014Z"
  }
},
{
  "model": "core.city",
  "pk": 1,
  "fields": {
    "name": "Lagos",
    "state": "Lagos",
    "slug": "lagos",
    "latitude": 6.5175,
    "longitude": 3.3721
  }
},
{
  "model": "core.city",
  "pk": 2,
  "fields": {
    "name": "Abuja",
    "state": "Abuja",
    "slug": "abuja",
    "latitude": 9.0723,
    "longitude": 7.4496
  }
},
{
  "model": "core.city",
  "pk": 3,
  "fields": {
    "name": "Ibadan",
    "state": "Ibadan",
    "slug": "ibadan",
    "latitude": 7.3916,
    "longitude": 3.9377
  }
},
{
  "model": "core.route",
  "pk": 1,
  "fields": {
    "origin_park": 1,
    "destination_park": 4,
    "distance_km": 242.6,
    "estimated_duration_min": 186,
    "status": "active"
  }
},
{
  "model": "core.route",
  "pk": 2,
  "fields": {
    "origin_park": 1,
    "destination_park": 10,
    "distance_km": 604.0,
    "estimated_duration_min": 546,
    "status": "active"
  }
},
{
  "model": "core.route",
  "pk": 3,
  "fields": {
    "origin_park": 1,
    "destination_park": 11,
    "distance_km": 345.6,
    "estimated_duration_min": 534,
    "status": "active"
  }
},
{
  "model": "core.route",
  "pk": 4,
  "fields": {
    "origin_park": 1,
    "destination_park": 12,
    "distance_km": 175.4,
    "estimated_duration_min": 332,
    "status": "active"
  }
},
{
  "model": "core.route",
  "pk": 5,
  "fields": {
    "origin_park": 2,
    "destination_park": 6,
    "distance_km": 261.4,
    "estimated_duration_min": 402,
    "status": "active"
  }
},
{
  "model": "core.route",
  "pk": 6,
  "fields": {
    "origin_park": 3,
    "destination_park": 4,
    "distance_km": 505.2,
    "estimated_duration_min": 594,
    "status": "active"
  }
},
{
  "model": "core.route",
  "pk": 7,
  "fields": {
    "origin_park": 3,
    "destination_park": 5,
    "distance_km": 275.3,
    "estimated_duration_min": 418,
    "status": "active"
  }
},
{
  "model": "core.route",
  "pk": 8,
  "fields": {
    "origin_park": 3,
    "destination_park": 6,
    "distance_km": 226.2,
    "estimated_duration_min": 171,
    "status": "active"
  }
},
{
  "model": "core.route",
  "pk": 9,
  "fields": {
    "origin_park": 3,
    "destination_park": 8,
    "distance_km": 213.1,
    "estimated_duration_min": 218,
    "status": "active"
  }
},
{
  "model": "core.route",
  "pk": 10,
  "fields": {
    "origin_park": 4,
    "destination_park": 3,
    "distance_km": 541.1,
    "estimated_duration_min": 400,
    "status": "active"
  }
},
{
  "model": "core.route",
  "pk": 11,
  "fields": {
    "origin_park": 4,
    "destination_park": 8,
    "distance_km": 699.6,
    "estimated_duration_min": 228,
    "status": "active"
  }
},
{
  "model": "core.route",
  "pk": 12,
  "fields": {
    "origin_park": 4,
    "destination_park": 9,
    "distance_km": 372.0,
    "estimated_duration_min": 204,
    "status": "active"
  }
},
{
  "model": "core.route",
  "pk": 13,
  "fields": {
    "origin_park": 4,
    "destination_park": 10,
    "distance_km": 496.5,
    "estimated_duration_min": 123,
    "status": "active"
  }
},
{
  "model": "core.route",
  "pk": 14,
  "fields": {
    "origin_park": 5,
    "destination_park": 2,
    "distance_km": 363.4,
    "estimated_duration_min": 400,
    "status": "active"
  }
},
{
  "model": "core.route",
  "pk": 15,
  "fields": {
    "origin_park": 5,
    "destination_park": 8,
    "distance_km": 247.2,
    "estimated_duration_min": 543,
    "status": "active"
  }
},
{
  "model": "core.route",
  "pk": 16,
  "fields": {
    "origin_park": 6,
    "destination_park": 2,
    "distance_km": 157.9,
    "estimated_duration_min": 367,
    "status": "active"
  }
},
{
  "model": "core.route",
  "pk": 17,
  "fields": {
    "origin_park": 6,
    "destination_park": 3,
    "distance_km": 685.2,
    "estimated_duration_min": 467,
    "status": "active"
  }
},
{
  "model": "core.route",
  "pk": 18,
  "fields": {
    "origin_park": 6,
    "destination_park": 8,
    "distance_km": 229.5,
    "estimated_duration_min": 388,
    "status": "active"
  }
},
{
  "model": "core.route",
  "pk": 19,
  "fields": {
    "origin_park": 6,
    "destination_park": 10,
    "distance_km": 519.0,
    "estimated_duration_min": 544,
    "status": "active"
  }
},
{
  "model": "core.route",
  "pk": 20,
  "fields": {
    "origin_park": 6,
    "destination_park": 11,
    "distance_km": 465.1,
    "estimated_duration_min": 325,
    "status": "active"
  }
},
{
  "model": "core.route",
  "pk": 21,
  "fields": {
    "origin_park": 6,
    "destination_park": 12,
    "distance_km": 220.0,
    "estimated_duration_min": 129,
    "status": "active"
  }
},
{
  "model": "core.route",
  "pk": 22,
  "fields": {
    "origin_park": 7,
    "destination_park": 3,
    "distance_km": 113.6,
    "estimated_duration_min": 398,
    "status": "active"
  }
},
{
  "model": "core.route",
  "pk": 23,
  "fields": {
    "origin_park": 7,
    "destination_park": 4,
    "distance_km": 210.9,
    "estimated_duration_min": 440,
    "status": "active"
  }
},
{
  "model": "core.route",
  "pk": 24,
  "fields": {
    "origin_park": 7,
    "destination_park": 12,
    "distance_km": 279.4,
    "estimated_duration_min": 388,
    "status": "active"
  }
},
{
  "model": "core.route",
  "pk": 25,
  "fields": {
    "origin_park": 8,
    "destination_park": 1,
    "distance_km": 127.1,
    "estimated_duration_min": 186,
    "status": "active"
  }
},
{
  "model": "core.route",
  "pk": 26,
  "fields": {
    "origin_park": 8,
    "destination_park": 7,
    "distance_km": 311.4,
    "estimated_duration_min": 526,
    "status": "active"
  }
},
{
  "model": "core.route",
  "pk": 27,
  "fields": {
    "origin_park": 8,
    "destination_park": 9,
    "distance_km": 516.2,
    "estimated_duration_min": 254,
    "status": "active"
  }
},
{
  "model": "core.route",
  "pk": 28,
  "fields": {
    "origin_park": 8,
    "destination_park": 12,
    "distance_km": 536.3,
    "estimated_duration_min": 238,
    "status": "active"
  }
},
{
  "model": "core.route",
  "pk": 29,
  "fields": {
    "origin_park": 9,
    "destination_park": 1,
    "distance_km": 232.4,
    "estimated_duration_min": 381,
    "status": "active"
  }
},
{
  "model": "core.route",
  "pk": 30,
  "fields": {
    "origin_park": 9,
    "destination_park": 5,
    "distance_km": 125.9,
    "estimated_duration_min": 388,
    "status": "active"
  }
},
{
  "model": "core.route",
  "pk": 31,
  "fields": {
    "origin_park": 9,
    "destination_park": 6,
    "distance_km": 600.7,
    "estimated_duration_min": 220,
    "status": "active"
  }
},
{
  "model": "core.route",
  "pk": 32,
  "fields": {
    "origin_park": 9,
    "destination_park": 7,
    "distance_km": 643.9,
    "estimated_duration_min": 288,
    "status": "active"
  }
},
{
  "model": "core.route",
  "pk": 33,
  "fields": {
    "origin_park": 9,
    "destination_park": 8,
    "distance_km": 678.1,
    "estimated_duration_min": 385,
    "status": "active"
  }
},
{
  "model": "core.route",
  "pk": 34,
  "fields": {
    "origin_park": 9,
    "destination_park": 10,
    "distance_km": 634.7,
    "estimated_duration_min": 195,
    "status": "active"
  }
},
{
  "model": "core.route",
  "pk": 35,
  "fields": {
    "origin_park": 9,
    "destination_park": 11,
    "distance_km": 336.6,
    "estimated_duration_min": 394,
    "status": "active"
  }
},
{
  "model": "core.route",
  "pk": 36,
  "fields": {
    "origin_park": 10,
    "destination_park": 6,
    "distance_km": 159.6,
    "estimated_duration_min": 561,
    "status": "active"
  }
},
{
  "model": "core.route",
  "pk": 37,
  "fields": {
    "origin_park": 10,
    "destination_park": 8,
    "distance_km": 351.3,
    "estimated_duration_min": 455,
    "status": "active"
  }
},
{
  "model": "core.route",
  "pk": 38,
  "fields": {
    "origin_park": 10,
    "destination_park": 9,
    "distance_km": 321.0,
    "estimated_duration_min": 467,
    "status": "active"
  }
},
{
  "model": "core.route",
  "pk": 39,
  "fields": {
    "origin_park": 10,
    "destination_park": 11,
    "distance_km": 418.7,
    "estimated_duration_min": 495,
    "status": "active"
  }
},
{
  "model": "core.route",
  "pk": 40,
  "fields": {
    "origin_park": 11,
    "destination_park": 1,
    "distance_km": 306.1,
    "estimated_duration_min": 485,
    "status": "active"
  }
},
{
  "model": "core.route",
  "pk": 41,
  "fields": {
    "origin_park": 11,
    "destination_park": 10,
    "distance_km": 429.5,
    "estimated_duration_min": 273,
    "status": "active"
  }
},
{
  "model": "core.route",
  "pk": 42,
  "fields": {
    "origin_park": 12,
    "destination_park": 6,
    "distance_km": 380.0,
    "estimated_duration_min": 262,
    "status": "active"
  }
},
{
  "model": "core.route",
  "pk": 43,
  "fields": {
    "origin_park": 12,
    "destination_park": 7,
    "distance_km": 281.6,
    "estimated_duration_min": 257,
    "status": "active"
  }
},
{
  "model": "core.bus",
  "pk": 1,
  "fields": {
    "number_plate": "JIBOW46-245",
    "total_seats": 24,
    "park": 1,
    "driver_name": "Chinwe Adeyemi",
    "status": "available"
  }
},
{
  "model": "core.bus",
  "pk": 2,
  "fields": {
    "number_plate": "JIBOW46-537",
    "total_seats": 24,
    "park": 1,
    "driver_name": "Ade Adewale",
    "status": "available"
  }
},
{
  "model": "core.bus",
  "pk": 3,
  "fields": {
    "number_plate": "OJOTA10-645",
    "total_seats": 24,
    "park": 2,
    "driver_name": "Aminu Adeyemi",
    "status": "available"
  }
},
{
  "model": "core.bus",
  "pk": 4,
  "fields": {
    "number_plate": "MILE-18-876",
    "total_seats": 24,
    "park": 3,
    "driver_name": "Femi Okwuosa",
    "status": "available"
  }
},
{
  "model": "core.bus",
  "pk": 5,
  "fields": {
    "number_plate": "MILE-18-109",
    "total_seats": 24,
    "park": 3,
    "driver_name": "Bola Adeyemi",
    "status": "available"
  }
},
{
  "model": "core.bus",
  "pk": 6,
  "fields": {
    "number_plate": "CMS-B17-782",
    "total_seats": 24,
    "park": 4,
    "driver_name": "Blessing Okonkwo",
    "status": "available"
  }
},
{
  "model": "core.bus",
  "pk": 7,
  "fields": {
    "number_plate": "UTAKO82-306",
    "total_seats": 24,
    "park": 5,
    "driver_name": "Olumide Olawale",
    "status": "available"
  }
},
{
  "model": "core.bus",
  "pk": 8,
  "fields": {
    "number_plate": "UTAKO82-626",
    "total_seats": 24,
    "park": 5,
    "driver_name": "Suleiman Ogunleye",
    "status": "available"
  }
},
{
  "model": "core.bus",
  "pk": 9,
  "fields": {
    "number_plate": "GARKI26-788",
    "total_seats": 24,
    "park": 6,
    "driver_name": "Ugochi Balogun",
    "status": "available"
  }
},
{
  "model": "core.bus",
  "pk": 10,
  "fields": {
    "number_plate": "GARKI26-702",
    "total_seats": 24,
    "park": 6,
    "driver_name": "Tolu Adedayo",
    "status": "available"
  }
},
{
  "model": "core.bus",
  "pk": 11,
  "fields": {
    "number_plate": "AREA-19-620",
    "total_seats": 24,
    "park": 7,
    "driver_name": "Chuka Okwuosa",
    "status": "available"
  }
},
{
  "model": "core.bus",
  "pk": 12,
  "fields": {
    "number_plate": "AREA-19-671",
    "total_seats": 24,
    "park": 7,
    "driver_name": "Chuka Adeyemi",
    "status": "available"
  }
},
{
  "model": "core.bus",
  "pk": 13,
  "fields": {
    "number_plate": "BERGE18-961",
    "total_seats": 24,
    "park": 8,
    "driver_name": "Ngozi Olawale",
    "status": "available"
  }
},
{
  "model": "core.bus",
  "pk": 14,
  "fields": {
    "number_plate": "IWO-R87-747",
    "total_seats": 24,
    "park": 9,
    "driver_name": "Suleiman Okonkwo",
    "status": "available"
  }
},
{
  "model": "core.bus",
  "pk": 15,
  "fields": {
    "number_plate": "IWO-R87-477",
    "total_seats": 24,
    "park": 9,
    "driver_name": "Kelechi Adewale",
    "status": "available"
  }
},
{
  "model": "core.bus",
  "pk": 16,
  "fields": {
    "number_plate": "CHALL59-215",
    "total_seats": 24,
    "park": 10,
    "driver_name": "Chinwe Ibrahim",
    "status": "available"
  }
},
{
  "model": "core.bus",
  "pk": 17,
  "fields": {
    "number_plate": "CHALL59-468",
    "total_seats": 24,
    "park": 10,
    "driver_name": "Bola Okonkwo",
    "status": "available"
  }
},
{
  "model": "core.bus",
  "pk": 18,
  "fields": {
    "number_plate": "CHALL59-387",
    "total_seats": 24,
    "park": 10,
    "driver_name": "Hadiza Okwuosa",
    "status": "available"
  }
},
{
  "model": "core.bus",
  "pk": 19,
  "fields": {
    "number_plate": "DUGBE65-429",
    "total_seats": 24,
    "park": 11,
    "driver_name": "Chuka Bello",
    "status": "available"
  }
},
{
  "model": "core.bus",
  "pk": 20,
  "fields": {
    "number_plate": "DUGBE65-361",
    "total_seats": 24,
    "park": 11,
    "driver_name": "Ngozi Adedayo",
    "status": "available"
  }
},
{
  "model": "core.bus",
  "pk": 21,
  "fields": {
    "number_plate": "DUGBE65-857",
    "total_seats": 24,
    "park": 11,
    "driver_name": "Blessing Anyanwu",
    "status": "available"
  }
},
{
  "model": "core.bus",
  "pk": 22,
  "fields": {
    "number_plate": "OJOO-42-512",
    "total_seats": 24,
    "park": 12,
    "driver_name": "Fatima Bello",
    "status": "available"
  }
},
{
  "model": "core.bus",
  "pk": 23,
  "fields": {
    "number_plate": "OJOO-42-498",
    "total_seats": 24,
    "park": 12,
    "driver_name": "Olumide Okwuosa",
    "status": "available"
  }
},
{
  "model": "core.trip",
  "pk": 5,
  "fields": {
    "route": 1,
    "bus": 1,
    "departure_datetime": "2025-04-12T06:00:00Z",
    "seat_price": 2000.0,
    "available_seats": 20
  }
},
{
  "model": "core.trip",
  "pk": 6,
  "fields": {
    "route": 2,
    "bus": 2,
    "departure_datetime": "2025-04-13T19:00:00Z",
    "seat_price": 3000.0,
    "available_seats": 14
  }
},
{
  "model": "core.trip",
  "pk": 7,
  "fields": {
    "route": 41,
    "bus": 20,
    "departure_datetime": "2025-04-12T19:00:00Z",
    "seat_price": 3000.0,
    "available_seats": 24
  }
},
{
  "model": "core.trip",
  "pk": 8,
  "fields": {
    "route": 41,
    "bus": 20,
    "departure_datetime": "2025-04-12T11:00:00Z",
    "seat_price": 3000.0,
    "available_seats": 23
  }
},
{
  "model": "core.trip",
  "pk": 9,
  "fields": {
    "route": 40,
    "bus": 20,
    "departure_datetime": "2025-04-16T16:40:00Z",
    "seat_price": 1000.0,
    "available_seats": 24
  }
},
{
  "model": "core.trip",
  "pk": 10,
  "fields": {
    "route": 41,
    "bus": 21,
    "departure_datetime": "2025-04-26T22:30:00Z",
    "seat_price": 2000.0,
    "available_seats": 15
  }
},
{
  "model": "core.trip",
  "pk": 11,
  "fields": {
    "route": 41,
    "bus": 21,
    "departure_datetime": "2025-04-17T22:00:00Z",
    "seat_price": 4000.0,
    "available_seats": 24
  }
},
{
  "model": "core.trip",
  "pk": 12,
  "fields": {
    "route": 41,
    "bus": 21,
    "departure_datetime": "2025-04-26T15:00:00Z",
    "seat_price": 4000.0,
    "available_seats": 24
  }
},
{
  "model": "core.trip",
  "pk": 14,
  "fields": {
    "route": 41,
    "bus": 20,
    "departure_datetime": "2025-04-30T12:00:00Z",
    "seat_price": 2000.0,
    "available_seats": 24
  }
},
{
  "model": "core.trip",
  "pk": 15,
  "fields": {
    "route": 41,
    "bus": 20,
    "departure_datetime": "2025-04-30T06:00:00Z",
    "seat_price": 40000.0,
    "available_seats": 12
  }
},
{
  "model": "core.trip",
  "pk": 16,
  "fields": {
    "route": 14,
    "bus": 7,
    "departure_datetime": "2025-04-23T06:00:00Z",
    "seat_price": 2000.0,
    "available_seats": 19
  }
},
{
  "model": "core.trip",
  "pk": 17,
  "fields": {
    "route": 14,
    "bus": 8,
    "departure_datetime": "2025-04-23T18:00:00Z",
    "seat_price": 3000.0,
    "available_seats": 24
  }
},
{
  "model": "core.trip",
  "pk": 18,
  "fields": {
    "route": 40,
    "bus": 19,
    "departure_datetime": "2025-05-01T08:00:00Z",
    "seat_price": 3000.0,
    "available_seats": 16
  }
},
{
  "model": "core.trip",
  "pk": 20,
  "fields": {
    "route": 40,
    "bus": 21,
    "departure_datetime": "2025-05-01T11:00:00Z",
    "seat_price": 3000.0,
    "available_seats": 4
  }
},
{
  "model": "core.trip",
  "pk": 21,
  "fields": {
    "route": 41,
    "bus": 19,
    "departure_datetime": "2025-05-24T18:00:00Z",
    "seat_price": 4000.0,
    "available_seats": 24
  }
},
{
  "model": "core.trip",
  "pk": 22,
  "fields": {
    "route": 41,
    "bus": 20,
    "departure_datetime": "2025-05-24T13:00:00Z",
    "seat_price": 4000.0,
    "available_seats": 20
  }
},
{
  "model": "core.trip",
  "pk": 23,
  "fields": {
    "route": 41,
    "bus": 21,
    "departure_datetime": "2025-05-24T18:00:00Z",
    "seat_price": 4000.0,
    "available_seats": 24
  }
},
{
  "model": "core.trip",
  "pk": 24,
  "fields": {
    "route": 40,
    "bus": 19,
    "departure_datetime": "2025-05-03T05:00:00Z",
    "seat_price": 3000.0,
    "available_seats": 24
  }
},
{
  "model": "core.trip",
  "pk": 25,
  "fields": {
    "route": 40,
    "bus": 20,
    "departure_datetime": "2025-05-03T09:00:00Z",
    "seat_price": 3000.0,
    "available_seats": 24
  }
},
{
  "model": "core.trip",
  "pk": 26,
  "fields": {
    "route": 40,
    "bus": 21,
    "departure_datetime": "2025-05-03T13:00:00Z",
    "seat_price": 3000.0,
    "available_seats": 24
  }
},
{
  "model": "core.trip",
  "pk": 27,
  "fields": {
    "route": 40,
    "bus": 19,
    "departure_datetime": "2025-05-02T09:00:00Z",
    "seat_price": 3400.0,
    "available_seats": 24
  }
},
{
  "model": "core.trip",
  "pk": 28,
  "fields": {
    "route": 40,
    "bus": 20,
    "departure_datetime": "2025-05-02T13:00:00Z",
    "seat_price": 3400.0,
    "available_seats": 24
  }
},
{
  "model": "core.trip",
  "pk": 29,
  "fields": {
    "route": 40,
    "bus": 21,
    "departure_datetime": "2025-05-02T16:00:00Z",
    "seat_price": 3400.0,
    "available_seats": 24
  }
},
{
  "model": "core.trip",
  "pk": 30,
  "fields": {
    "route": 16,
    "bus": 9,
    "departure_datetime": "2025-05-05T06:00:00Z",
    "seat_price": 5300.0,
    "available_seats": 24
  }
},
{
  "model": "core.trip",
  "pk": 31,
  "fields": {
    "route": 16,
    "bus": 10,
    "departure_datetime": "2025-05-05T08:00:00Z",
    "seat_price": 5300.0,
    "available_seats": 24
  }
},
{
  "model": "core.trip",
  "pk": 32,
  "fields": {
    "route": 16,
    "bus": 9,
    "departure_datetime": "2025-05-05T16:00:00Z",
    "seat_price": 5300.0,
    "available_seats": 24
  }
},
{
  "model": "core.trip",
  "pk": 33,
  "fields": {
    "route": 14,
    "bus": 7,
    "departure_datetime": "2025-05-05T12:00:00Z",
    "seat_price": 3400.0,
    "available_seats": 24
  }
},
{
  "model": "core.trip",
  "pk": 34,
  "fields": {
    "route": 14,
    "bus": 8,
    "departure_datetime": "2025-05-05T13:00:00Z",
    "seat_price": 3400.0,
    "available_seats": 24
  }
},
{
  "model": "core.trip",
  "pk": 35,
  "fields": {
    "route": 14,
    "bus": 8,
    "departure_datetime": "2025-05-05T17:00:00Z",
    "seat_price": 3400.0,
    "available_seats": 24
  }
},
{
  "model": "core.trip",
  "pk": 36,
  "fields": {
    "route": 14,
    "bus": 7,
    "departure_datetime": "2025-05-05T16:00:00Z",
    "seat_price": 3400.0,
    "available_seats": 24
  }
},
{
  "model": "core.trip",
  "pk": 37,
  "fields": {
    "route": 5,
    "bus": 3,
    "departure_datetime": "2025-05-05T07:00:00Z",
    "seat_price": 4500.0,
    "available_seats": 24
  }
},
{
  "model": "core.trip",
  "pk": 38,
  "fields": {
    "route": 5,
    "bus": 3,
    "departure_datetime": "2025-05-05T18:00:00Z",
    "seat_price": 4500.0,
    "available_seats": 24
  }
},
{
  "model": "core.trip",
  "pk": 39,
  "fields": {
    "route": 5,
    "bus": 3,
    "departure_datetime": "2025-05-05T13:00:00Z",
    "seat_price": 4500.0,
    "available_seats": 24
  }
},
{
  "model": "accounts.user",
  "fields": {
    "password": "pbkdf2_sha256$870000$UYdFRxN8KDi1QSieXHCOvk$w9erkPZdDslTx068aUhvQEpAUl4eKLDD43BGOhZXNhA=",
    "last_login": null,
    "is_superuser": false,
    "first_name": "Ifeanyi",
    "last_name": "Abubakar",
    "is_staff": false,
    "is_active": true,
    "date_joined": "2025-04-10T18:50:01.376Z",
    "email": "ifeanyiabubakar174@example.com",
    "nin": "95266631208",
    "role": "passenger",
    "groups": [],
    "user_permissions": []
  }
},
{
  "model": "accounts.user",
  "fields": {
    "password": "pbkdf2_sha256$870000$aSFPL9AiWAwRMa4JBvr2hk$LW3xckqbd5c5O1yP9IG568rcsZWDXVYfwiWoPMPGKxQ=",
    "last_login": null,
    "is_superuser": false,
    "first_name": "Ade",
    "last_name": "Adewale",
    "is_staff": false,
    "is_active": true,
    "date_joined": "2025-04-10T18:50:02.097Z",
    "email": "adeadewale491@example.com",
    "nin": "99687629901",
    "role": "passenger",
    "groups": [],
    "user_permissions": []
  }
},
{
  "model": "accounts.user",
  "fields": {
    "password": "pbkdf2_sha256$870000$sPz7cHDuAE9mO8ic1cbAPq$YAF+rRBzcVfuHmZzp/KxJeZQfiA4vA2Ky902LmSO1mk=",
    "last_login": null,
    "is_superuser": false,
    "first_name": "Olumide",
    "last_name": "Okwuosa",
    "is_staff": false,
    "is_active": true,
    "date_joined": "2025-04-10T18:50:02.810Z",
    "email": "olumideokwuosa998@example.com",
    "nin": "96312572303",
    "role": "passenger",
    "groups": [],
    "user_permissions": []
  }
},
{
  "model": "accounts.user",
  "fields": {
    "password": "pbkdf2_sha256$870000$76RojkXeXoSV0H40kbM45Z$+/Uc/mFwyxjL0CcstZmkbLQq18JSmp7asvH59+QbBPk=",
    "last_login": null,
    "is_superuser": false,
    "first_name": "Hadiza",
    "last_name": "Adedayo",
    "is_staff": false,
    "is_active": true,
    "date_joined": "2025-04-10T18:50:03.473Z",
    "email": "hadizaadedayo393@example.com",
    "nin": "96284696240",
    "role": "passenger",
    "groups": [],
    "user_permissions": []
  }
},
{
  "model": "accounts.user",
  "fields": {
    "password": "pbkdf2_sha256$870000$t22A5Dyb2XSXo4oKioiVxE$jMHLwx1LewPwNnoxCGmmko5T6Li15qJ1B1p3GTaSeQs=",
    "last_login": null,
    "is_superuser": false,
    "first_name": "Hadiza",
    "last_name": "Balogun",
    "is_staff": false,
    "is_active": true,
    "date_joined": "2025-04-10T18:50:04.159Z",
    "email": "hadizabalogun806@example.com",
    "nin": "99028957493",
    "role": "passenger",
    "groups": [],
    "user_permissions": []
  }
},
{
  "model": "accounts.user",
  "fields": {
    "password": "pbkdf2_sha256$870000$CRC6e5uqszTEdbeIcslPs4$iIg1BSQW5vmKITruK1vaemzlIXcyYx9wap0UGHwEuxo=",
    "last_login": null,
    "is_superuser": false,
    "first_name": "Samuel",
    "last_name": "Adewale",
    "is_staff": false,
    "is_active": true,
    "date_joined": "2025-04-10T18:50:04.857Z",
    "email": "samueladewale174@example.com",
    "nin": "94383867562",
    "role": "passenger",
    "groups": [],
    "user_permissions": []
  }
},
{
  "model": "accounts.user",
  "fields": {
    "password": "pbkdf2_sha256$870000$qQ4RxlYBYFkQQdjPO6qHGH$DjPEHN14OA2xLz7LpddRzuLp18hy7G9WEfvmuxJLhzE=",
    "last_login": null,
    "is_superuser": false,
    "first_name": "Aminu",
    "last_name": "Bello",
    "is_staff": false,
    "is_active": true,
    "date_joined": "2025-04-10T18:50:05.456Z",
    "email": "aminubello849@example.com",
    "nin": "97278355050",
    "role": "passenger",
    "groups": [],
    "user_permissions": []
  }
},
{
  "model": "accounts.user",
  "fields": {
    "password": "pbkdf2_sha256$870000$hg4YJbuZczA3COkoGoge3m$lrkZn862mL2h88+A+tPf9DSUqyKvqvI9fuyF3Rpf2Vs=",
    "last_login": null,
    "is_superuser": false,
    "first_name": "Olumide",
    "last_name": "Okwuosa",
    "is_staff": false,
    "is_active": true,
    "date_joined": "2025-04-10T18:50:06.095Z",
    "email": "olumideokwuosa520@example.com",
    "nin": "96383226413",
    "role": "passenger",
    "groups": [],
    "user_permissions": []
  }
},
{
  "model": "accounts.user",
  "fields": {
    "password": "pbkdf2_sha256$870000$T8nSN6fNPpIpPZyCwRLK4A$fuvmSulCv7A9nKZyCWwELMDG8Hleo8m4rVmVXdFae/Q=",
    "last_login": null,
    "is_superuser": false,
    "first_name": "Tolu",
    "last_name": "Balogun",
    "is_staff": false,
    "is_active": true,
    "date_joined": "2025-04-10T18:50:06.780Z",
    "email": "tolubalogun144@example.com",
    "nin": "96758279418",
    "role": "passenger",
    "groups": [],
    "user_permissions": []
  }
},
{
  "model": "accounts.user",
  "fields": {
    "password": "pbkdf2_sha256$870000$NFiDED9GNhHMesY2WVed4N$uRn4Q6hSP7dulW0iu0mEmE5JxhBMU8pv7UASCSc62vA=",
    "last_login": null,
    "is_superuser": false,
    "first_name": "Kelechi",
    "last_name": "Abubakar",
    "is_staff": false,
    "is_active": true,
    "date_joined": "2025-04-10T18:50:07.343Z",
    "email": "kelechiabubakar415@example.com",
    "nin": "97691048932",
    "role": "passenger",
    "groups": [],
    "user_permissions": []
  }
},
{
  "model": "accounts.user",
  "fields": {
    "password": "pbkdf2_sha256$870000$2jCeQGkfASrJHPYT50swt6$S22tY/B7Cfgue+3PsHgA8fVQNvIMw6iF/kmQJ6j+/Ag=",
    "last_login": null,
    "is_superuser": false,
    "first_name": "Tolu",
    "last_name": "Okwuosa",
    "is_staff": false,
    "is_active": true,
    "date_joined": "2025-04-10T18:50:08.042Z",
    "email": "toluokwuosa549@example.com",
    "nin": "94374465004",
    "role": "passenger",
    "groups": [],
    "user_permissions": []
  }
},
{
  "model": "accounts.user",
  "fields": {
    "password": "pbkdf2_sha256$870000$PTctwMRIzX4KAoavesCWqO$W7CAH/ysMNVMSsQqihH7DNCPvHvfNEztPGQMaM2JXz0=",
    "last_login": null,
    "is_superuser": false,
    "first_name": "Bola",
    "last_name": "Nwosu",
    "is_staff": false,
    "is_active": true,
    "date_joined": "2025-04-10T18:50:08.660Z",
    "email": "bolanwosu332@example.com",
    "nin": "99538339263",
    "role": "passenger",
    "groups": [],
    "user_permissions": []
  }
},
{
  "model": "accounts.user",
  "fields": {
    "password": "pbkdf2_sha256$870000$shjC6RIkqJOdSvj0xq6UBP$flMlY2V6NubcDFI8l3OQ6U8j2GqVXWvic2TSUSyiOzo=",
    "last_login": null,
    "is_superuser": false,
    "first_name": "Samuel",
    "last_name": "Okwuosa",
    "is_staff": false,
    "is_active": true,
    "date_joined": "2025-04-10T18:50:09.255Z",
    "email": "samuelokwuosa901@example.com",
    "nin": "94551262477",
    "role": "passenger",
    "groups": [],
    "user_permissions": []
  }
},
{
  "model": "accounts.user",
  "fields": {
    "password": "pbkdf2_sha256$870000$5nKVDHyj4060UnBKSZ6kwH$7mD5YiCMgv37dABX5F7WnUT+/zCmlpSD6b+eDqLw5ns=",
    "last_login": null,
    "is_superuser": false,
    "first_name": "Blessing",
    "last_name": "Balogun",
    "is_staff": false,
    "is_active": true,
    "date_joined": "2025-04-10T18:50:09.957Z",
    "email": "blessingbalogun374@example.com",
    "nin": "96731577992",
    "role": "passenger",
    "groups": [],
    "user_permissions": []
  }
},
{
  "model": "accounts.user",
  "fields": {
    "password": "pbkdf2_sha256$870000$YYfpoqWEekzTfVaVqDrsfN$TyCIWqjCYiubtFR6Jo7V+PC9/aXqazb1k6LbQJlVZ3U=",
    "last_login": null,
    "is_superuser": false,
    "first_name": "Ifeanyi",
    "last_name": "Anyanwu",
    "is_staff": false,
    "is_active": true,
    "date_joined": "2025-04-10T18:50:10.572Z",
    "email": "ifeanyianyanwu743@example.com",
    "nin": "92001016103",
    "role": "passenger",
    "groups": [],
    "user_permissions": []
  }
},
{
  "model": "accounts.user",
  "fields": {
    "password": "pbkdf2_sha256$870000$uruGMn1lHm1iFTlkfCAtwQ$DXygHwpzc6Bz2MPUL/NQ1sQ6P2Jsi4mx7Xc3vsQpYPA=",
    "last_login": null,
    "is_superuser": false,
    "first_name": "Suleiman",
    "last_name": "Anyanwu",
    "is_staff": false,
    "is_active": true,
    "date_joined": "2025-04-10T18:50:11.211Z",
    "email": "suleimananyanwu428@example.com",
    "nin": "97530059591",
    "role": "passenger",
    "groups": [],
    "user_permissions": []
  }
},
{
  "model": "accounts.user",
  "fields": {
    "password": "pbkdf2_sha256$870000$1Zeruelt3IxmhLEv4pom4d$Yc+t+fsoHV+u6eKN37nzULsbMeJ87DSkasxkMwMj/uQ=",
    "last_login": null,
    "is_superuser": false,
    "first_name": "Aminu",
    "last_name": "Adewale",
    "is_staff": false,
    "is_active": true,
    "date_joined": "2025-04-10T18:50:11.824Z",
    "email": "aminuadewale522@example.com",
    "nin": "91826778860",
    "role": "passenger",
    "groups": [],
    "user_permissions": []
  }
},
{
  "model": "accounts.user",
  "fields": {
    "password": "pbkdf2_sha256$870000$y1fvYVMcLfJuOCCeEMoveB$AVN2pb6EwwNO3ynBvAxSD9DI4qFO2FN+PdXd0192Cs4=",
    "last_login": null,
    "is_superuser": false,
    "first_name": "Chuka",
    "last_name": "Ogunleye",
    "is_staff": false,
    "is_active": true,
    "date_joined": "2025-04-10T18:50:12.451Z",
    "email": "chukaogunleye769@example.com",
    "nin": "97290913262",
    "role": "passenger",
    "groups": [],
    "user_permissions": []
  }
},
{
  "model": "accounts.user",
  "fields": {
    "password": "pbkdf2_sha256$870000$vpILtvkqmsaBXUN9P8FA80$wkAnQlctbGGzC8zzkIrFe4GP4XXcjmDJZRVymj5Mqyc=",
    "last_login": null,
    "is_superuser": false,
    "first_name": "Fatima",
    "last_name": "Balogun",
    "is_staff": false,
    "is_active": true,
    "date_joined": "2025-04-10T18:50:13.033Z",
    "email": "fatimabalogun582@example.com",
    "nin": "96934271896",
    "role": "passenger",
    "groups": [],
    "user_permissions": []
  }
},
{
  "model": "accounts.user",
  "fields": {
    "password": "pbkdf2_sha256$870000$NyQ6SPZXStswwWl4jdADM0$RrAqtkVPEPbXgTwHsIjlSO3l7OssY5OdzC8drP8Lzrk=",
    "last_login": null,
    "is_superuser": false,
    "first_name": "Olumide",
    "last_name": "Olawale",
    "is_staff": false,
    "is_active": true,
    "date_joined": "2025-04-10T18:50:13.647Z",
    "email": "olumideolawale604@example.com",
    "nin": "97754783934",
    "role": "passenger",
    "groups": [],
    "user_permissions": []
  }
},
{
  "model": "accounts.user",
  "fields": {
    "password": "pbkdf2_sha256$870000$1usVlJdaidtsmF4DbZG3nG$/mMXItAXFsT9UrMZQ1xZOlPDjCKleN9ebZ8d+rzOKJ0=",
    "last_login": null,
    "is_superuser": false,
    "first_name": "Suleiman",
    "last_name": "Anyanwu",
    "is_staff": false,
    "is_active": true,
    "date_joined": "2025-04-10T18:50:14.210Z",
    "email": "suleimananyanwu312@example.com",
    "nin": "99636412768",
    "role": "passenger",
    "groups": [],
    "user_permissions": []
  }
},
{
  "model": "accounts.user",
  "fields": {
    "password": "pbkdf2_sha256$870000$AtgGIgmyTQbqkXc4nwx0xg$48FFkgRRIAMr5raEsIayIbJKrzbNUeneAFS0iDszXl0=",
    "last_login": null,
    "is_superuser": false,
    "first_name": "Blessing",
    "last_name": "Bello",
    "is_staff": false,
    "is_active": true,
    "date_joined": "2025-04-10T18:50:14.897Z",
    "email": "blessingbello700@example.com",
    "nin": "96458231217",
    "role": "passenger",
    "groups": [],
    "user_permissions": []
  }
},
{
  "model": "accounts.user",
  "fields": {
    "password": "pbkdf2_sha256$870000$HQ9NOqKrjd7qEUkYsGg312$TeSRXLPI5q5nX94gTHZo7rYMghxZIDNZ9BZBOhxVWe4=",
    "last_login": null,
    "is_superuser": false,
    "first_name": "Samuel",
    "last_name": "Olawale",
    "is_staff": false,
    "is_active": true,
    "date_joined": "2025-04-10T18:50:15.570Z",
    "email": "samuelolawale644@example.com",
    "nin": "97393719893",
    "role": "passenger",
    "groups": [],
    "user_permissions": []
  }
},
{
  "model": "accounts.user",
  "fields": {
    "password": "pbkdf2_sha256$870000$wlxVTo3D13Wj1jU7OGZyyE$E3B6HeSr8xzOT/bz2L6DdEj0g4rWxfKG0xTCfgu3sCM=",
    "last_login": null,
    "is_superuser": false,
    "first_name": "Ngozi",
    "last_name": "Adedayo",
    "is_staff": false,
    "is_active": true,
    "date_joined": "2025-04-10T18:50:16.213Z",
    "email": "ngoziadedayo856@example.com",
    "nin": "93807384657",
    "role": "passenger",
    "groups": [],
    "user_permissions": []
  }
},
{
  "model": "accounts.user",
  "fields": {
    "password": "pbkdf2_sha256$870000$04skmxnz3i95lhJ5eL16FN$P72zgFabliq3JuypKChnaqKvOFtW2du3lGSidUBwUiE=",
    "last_login": null,
    "is_superuser": false,
    "first_name": "Ugochi",
    "last_name": "Nwosu",
    "is_staff": false,
    "is_active": true,
    "date_joined": "2025-04-10T18:50:16.831Z",
    "email": "ugochinwosu830@example.com",
    "nin": "95080270425",
    "role": "passenger",
    "groups": [],
    "user_permissions": []
  }
},
{
  "model": "accounts.user",
  "fields": {
    "password": "pbkdf2_sha256$870000$W1qoPk7EPJxPRXE6DipFmp$9K9fZFynDbpbB5+0KCymfjzpZQVTKSPQSy43q86Ig6g=",
    "last_login": null,
    "is_superuser": false,
    "first_name": "Ugochi",
    "last_name": "Adewale",
    "is_staff": false,
    "is_active": true,
    "date_joined": "2025-04-10T18:50:17.445Z",
    "email": "ugochiadewale116@example.com",
    "nin": "97026412771",
    "role": "passenger",
    "groups": [],
    "user_permissions": []
  }
},
{
  "model": "accounts.user",
  "fields": {
    "password": "pbkdf2_sha256$870000$LofkcgZooukxqWYJom2TPM$PYgwp0PlWgnlOShQwcoKwYu8lyzIQg7NhS+8M7zE85c=",
    "last_login": null,
    "is_superuser": false,
    "first_name": "Chuka",
    "last_name": "Anyanwu",
    "is_staff": false,
    "is_active": true,
    "date_joined": "2025-04-10T18:50:18.079Z",
    "email": "chukaanyanwu495@example.com",
    "nin": "99971659846",
    "role": "passenger",
    "groups": [],
    "user_permissions": []
  }
},
{
  "model": "accounts.user",
  "fields": {
    "password": "pbkdf2_sha256$870000$wHSmrmxtkoL5bcWxwnY0oL$BSOMw6lehfJmkJJiAaH2MAHE3pcdfmTm0U8GNMWBJEA=",
    "last_login": null,
    "is_superuser": false,
    "first_name": "Blessing",
    "last_name": "Balogun",
    "is_staff": false,
    "is_active": true,
    "date_joined": "2025-04-10T18:50:18.650Z",
    "email": "blessingbalogun506@example.com",
    "nin": "91381465660",
    "role": "passenger",
    "groups": [],
    "user_permissions": []
  }
},
{
  "model": "accounts.user",
  "fields": {
    "password": "pbkdf2_sha256$870000$GPvDjKECXaIYy0eKACfnMo$MR2xjseDUfRlvy9lK7Ml6LPD/tvGhpa1hVdVhxqvRuY=",
    "last_login": null,
    "is_superuser": false,
    "first_name": "Femi",
    "last_name": "Ibrahim",
    "is_staff": false,
    "is_active": true,
    "date_joined": "2025-04-10T18:50:19.316Z",
    "email": "femiibrahim321@example.com",
    "nin": "97910466177",
    "role": "passenger",
    "groups": [],
    "user_permissions": []
  }
},
{
  "model": "accounts.user",
  "fields": {
    "password": "pbkdf2_sha256$870000$2y1EvJ8gQRrrqSbro2elGk$ILZeldJQFvWfEtVPBLOtuRs/vFgpaFTXWtRH5g22TaM=",
    "last_login": null,
    "is_superuser": false,
    "first_name": "Ifeanyi",
    "last_name": "Eze",
    "is_staff": false,
    "is_active": true,
    "date_joined": "2025-04-10T18:50:19.909Z",
    "email": "ifeanyieze437@example.com",
    "nin": "94925238265",
    "role": "passenger",
    "groups": [],
    "user_permissions": []
  }
},
{
  "model": "accounts.user",
  "fields": {
    "password": "pbkdf2_sha256$870000$FB1DI4oDas1WlUXSMriJZz$76XS9wUD6o915wqdP5JVnExpZIfBtX4E4aleNezSS6w=",
    "last_login": null,
    "is_superuser": false,
    "first_name": "Fatima",
    "last_name": "Anyanwu",
    "is_staff": false,
    "is_active": true,
    "date_joined": "2025-04-10T18:50:20.573Z",
    "email": "fatimaanyanwu605@example.com",
    "nin": "98641971229",
    "role": "passenger",
    "groups": [],
    "user_permissions": []
  }
},
{
  "model": "accounts.user",
  "fields": {
    "password": "pbkdf2_sha256$870000$5KWkyJoY5pAXPTuRvc5UFj$fizVF2yEC2RyjQvCwc6Q4NHNFZjFbBGrr4KWwRm/6co=",
    "last_login": null,
    "is_superuser": false,
    "first_name": "Suleiman",
    "last_name": "Adeyemi",
    "is_staff": false,
    "is_active": true,
    "date_joined": "2025-04-10T18:50:21.252Z",
    "email": "suleimanadeyemi916@example.com",
    "nin": "99882892329",
    "role": "passenger",
    "groups": [],
    "user_permissions": []
  }
},
{
  "model": "accounts.user",
  "fields": {
    "password": "pbkdf2_sha256$870000$7JAGhc2cAFq8GgzRMknBkR$v6IuEdMdrYZ2m3GNPc9v8rPIkbk7KxumhjbCvfNKGHs=",
    "last_login": null,
    "is_superuser": false,
    "first_name": "Hadiza",
    "last_name": "Yakubu",
    "is_staff": false,
    "is_active": true,
    "date_joined": "2025-04-10T18:50:21.926Z",
    "email": "hadizayakubu522@example.com",
    "nin": "97714066038",
    "role": "passenger",
    "groups": [],
    "user_permissions": []
  }
},
{
  "model": "accounts.user",
  "fields": {
    "password": "pbkdf2_sha256$870000$Z2ZW67HbKO8aWWI5HBH8je$pOHRLqG8gTK19vjimZlQJZtJjeyeEYEu0+swSyy+wG4=",
    "last_login": null,
    "is_superuser": false,
    "first_name": "Chuka",
    "last_name": "Ibrahim",
    "is_staff": false,
    "is_active": true,
    "date_joined": "2025-04-10T18:50:22.584Z",
    "email": "chukaibrahim200@example.com",
    "nin": "92993532825",
    "role": "passenger",
    "groups": [],
    "user_permissions": []
  }
},
{
  "model": "accounts.user",
  "fields": {
    "password": "pbkdf2_sha256$870000$AtKpg9wtUQvKfylAqk71KK$A4psoQmp79ISAhw+9xDgz1ilNbl8qPRUgMA+rYKL/Vg=",
    "last_login": null,
    "is_superuser": false,
    "first_name": "Suleiman",
    "last_name": "Yakubu",
    "is_staff": false,
    "is_active": true,
    "date_joined": "2025-04-10T18:50:23.227Z",
    "email": "suleimanyakubu527@example.com",
    "nin": "97895551005",
    "role": "passenger",
    "groups": [],
    "user_permissions": []
  }
},
{
  "model": "accounts.user",
  "fields": {
    "password": "pbkdf2_sha256$870000$F9IGRS55IegMIaMNqbiouD$kQWJoZ6WoVjTc5Sq1Dlk4H5+NiPihNiomjelAn3iZHo=",
    "last_login": null,
    "is_superuser": false,
    "first_name": "Chinwe",
    "last_name": "Bello",
    "is_staff": false,
    "is_active": true,
    "date_joined": "2025-04-10T18:50:23.901Z",
    "email": "chinwebello795@example.com",
    "nin": "92466694038",
    "role": "passenger",
    "groups": [],
    "user_permissions": []
  }
},
{
  "model": "accounts.user",
  "fields": {
    "password": "pbkdf2_sha256$870000$S8JzpHVfCqxoJT9YbpF8Dh$2E9jn4Ayl2/EhveQ6HHKbMtKmKKhizzdvb6wttmkJbw=",
    "last_login": null,
    "is_superuser": false,
    "first_name": "Hadiza",
    "last_name": "Abubakar",
    "is_staff": false,
    "is_active": true,
    "date_joined": "2025-04-10T18:50:24.556Z",
    "email": "hadizaabubakar474@example.com",
    "nin": "98542675965",
    "role": "passenger",
    "groups": [],
    "user_permissions": []
  }
},
{
  "model": "accounts.user",
  "fields": {
    "password": "pbkdf2_sha256$870000$Rf8iWzSMNvbgQWYa9MsBWh$EbEJdx144H6uOHzaeh25TIEUFT372ro9z3mgdJhtzGs=",
    "last_login": null,
    "is_superuser": false,
    "first_name": "Tolu",
    "last_name": "Ogunleye",
    "is_staff": false,
    "is_active": true,
    "date_joined": "2025-04-10T18:50:25.344Z",
    "email": "toluogunleye788@example.com",
    "nin": "99483678023",
    "role": "passenger",
    "groups": [],
    "user_permissions": []
  }
},
{
  "model": "accounts.user",
  "fields": {
    "password": "pbkdf2_sha256$870000$63Dztr9PK0HFbCRziwQdcI$QdUQK0vis7jqSlCIEu3KJOsNYL5jX29noTBDWQvbx2o=",
    "last_login": null,
    "is_superuser": false,
    "first_name": "Suleiman",
    "last_name": "Anyanwu",
    "is_staff": false,
    "is_active": true,
    "date_joined": "2025-04-10T18:50:25.940Z",
    "email": "suleimananyanwu744@example.com",
    "nin": "95018121828",
    "role": "passenger",
    "groups": [],
    "user_permissions": []
  }
},
{
  "model": "accounts.user",
  "fields": {
    "password": "pbkdf2_sha256$870000$5GTxWQmfqGUU95Hjd7ir87$xMzwFGg8BmncQztnhqJfVMPtjDuDSZe0XVVO/DEfuPg=",
    "last_login": null,
    "is_superuser": false,
    "first_name": "Tolu",
    "last_name": "Nwosu",
    "is_staff": false,
    "is_active": true,
    "date_joined": "2025-04-10T18:50:26.639Z",
    "email": "tolunwosu589@example.com",
    "nin": "95138084141",
    "role": "passenger",
    "groups": [],
    "user_permissions": []
  }
},
{
  "model": "accounts.user",
  "fields": {
    "password": "pbkdf2_sha256$870000$INOPRVLVc9ehFeWyAKUduI$a+1xi0yZm0BYdQbmnR1KK88/LMiocYnqesRonjEUcgY=",
    "last_login": null,
    "is_superuser": false,
    "first_name": "Chuka",
    "last_name": "Okwuosa",
    "is_staff": false,
    "is_active": true,
    "date_joined": "2025-04-10T18:50:27.210Z",
    "email": "chukaokwuosa253@example.com",
    "nin": "96189101658",
    "role": "passenger",
    "groups": [],
    "user_permissions": []
  }
},
{
  "model": "accounts.user",
  "fields": {
    "password": "pbkdf2_sha256$870000$7rMGlnMZv11PCsC4LnDlCe$bdgkZgKOL6wLdzLFTTTt0jI/hxmEbDXWmIhxGV159aI=",
    "last_login": null,
    "is_superuser": false,
    "first_name": "Blessing",
    "last_name": "Adedayo",
    "is_staff": false,
    "is_active": true,
    "date_joined": "2025-04-10T18:50:27.824Z",
    "email": "blessingadedayo667@example.com",
    "nin": "99063442867",
    "role": "passenger",
    "groups": [],
    "user_permissions": []
  }
},
{
  "model": "accounts.user",
  "fields": {
    "password": "pbkdf2_sha256$870000$iueTVbctXT9w2J9zRm1hMV$0zuFb9kX1FLO6t/IaVi6WzvJSit9IwHNpf4LxdH3okw=",
    "last_login": null,
    "is_superuser": false,
    "first_name": "Olumide",
    "last_name": "Balogun",
    "is_staff": false,
    "is_active": true,
    "date_joined": "2025-04-10T18:50:28.434Z",
    "email": "olumidebalogun540@example.com",
    "nin": "96073994034",
    "role": "passenger",
    "groups": [],
    "user_permissions": []
  }
},
{
  "model": "accounts.user",
  "fields": {
    "password": "pbkdf2_sha256$870000$zU0LNhW63vZLEY0jqyMJl6$ILA2sHk2/vJyZFd/S8osiQpGgpYPXZ00fREyQ5gNF4Y=",
    "last_login": null,
    "is_superuser": false,
    "first_name": "Bola",
    "last_name": "Olawale",
    "is_staff": false,
    "is_active": true,
    "date_joined": "2025-04-10T18:50:29.013Z",
    "email": "bolaolawale556@example.com",
    "nin": "93372424206",
    "role": "passenger",
    "groups": [],
    "user_permissions": []
  }
},
{
  "model": "accounts.user",
  "fields": {
    "password": "pbkdf2_sha256$870000$sRPKN9Wwsrv8KMgx0uzH9E$xXYQ35C2FWF7f2MO0zf7myXHpCtRIXv0Qa2qaqYkkqw=",
    "last_login": null,
    "is_superuser": false,
    "first_name": "Kelechi",
    "last_name": "Eze",
    "is_staff": false,
    "is_active": true,
    "date_joined": "2025-04-10T18:50:29.721Z",
    "email": "kelechieze985@example.com",
    "nin": "97237392317",
    "role": "passenger",
    "groups": [],
    "user_permissions": []
  }
},
{
  "model": "accounts.user",
  "fields": {
    "password": "pbkdf2_sha256$870000$kClBtwn08LdeHtTrHZZTjW$Daejzo6gGs6n05Hp+A65DUb4EQxkt2qVBzc5IykI0dI=",
    "last_login": null,
    "is_superuser": false,
    "first_name": "Suleiman",
    "last_name": "Eze",
    "is_staff": false,
    "is_active": true,
    "date_joined": "2025-04-10T18:50:30.345Z",
    "email": "suleimaneze537@example.com",
    "nin": "96196194160",
    "role": "passenger",
    "groups": [],
    "user_permissions": []
  }
},
{
  "model": "accounts.user",
  "fields": {
    "password": "pbkdf2_sha256$870000$S5kvff1tF5zpFfUJcmMg6E$ZpTh+OLPILEGctMKTEm0hqf7Q7l7An6b5+qvVFTAbiY=",
    "last_login": null,
    "is_superuser": false,
    "first_name": "Samuel",
    "last_name": "Ogunleye",
    "is_staff": false,
    "is_active": true,
    "date_joined": "2025-04-10T18:50:30.974Z",
    "email": "samuelogunleye743@example.com",
    "nin": "94593289801",
    "role": "passenger",
    "groups": [],
    "user_permissions": []
  }
},
{
  "model": "accounts.user",
  "fields": {
    "password": "pbkdf2_sha256$870000$k3gx2L5bMKxeM3L4mLWWnt$a0hCu99CypJkIUZ09bmA57R0KWjw6rT23EXLNUW6Kso=",
    "last_login": null,
    "is_superuser": false,
    "first_name": "Tolu",
    "last_name": "Okwuosa",
    "is_staff": false,
    "is_active": true,
    "date_joined": "2025-04-10T18:50:31.537Z",
    "email": "toluokwuosa536@example.com",
    "nin": "91144729856",
    "role": "passenger",
    "groups": [],
    "user_permissions": []
  }
},
{
  "model": "accounts.user",
  "fields": {
    "password": "pbkdf2_sha256$870000$IoOmXd0LpVqia4ALYEArqs$p0nw+MWe41EFuAFWKbfSnIn+oUSZrKhb3xDl/s1ZqVE=",
    "last_login": null,
    "is_superuser": false,
    "first_name": "Tolu",
    "last_name": "Adewale",
    "is_staff": false,
    "is_active": true,
    "date_joined": "2025-04-10T18:50:32.208Z",
    "email": "toluadewale940@example.com",
    "nin": "92397587709",
    "role": "passenger",
    "groups": [],
    "user_permissions": []
  }
},
{
  "model": "accounts.user",
  "fields": {
    "password": "pbkdf2_sha256$870000$WMHgVtykjaQR5R2gygyRaV$avRfwkN7U8nJzQFCLcWikjfY247j/lwkaEgANb5uJ/c=",
    "last_login": null,
    "is_superuser": false,
    "first_name": "Ade",
    "last_name": "Nwosu",
    "is_staff": false,
    "is_active": true,
    "date_joined": "2025-04-10T18:50:32.783Z",
    "email": "adenwosu180@example.com",
    "nin": "94734078238",
    "role": "passenger",
    "groups": [],
    "user_permissions": []
  }
},
{
  "model": "accounts.user",
  "fields": {
    "password": "pbkdf2_sha256$870000$tk67nKSrjBl5kn902NElUA$ZEUpvKkbrDunsZvrmKY9WAxpVykNwcCqxlWHtUiRDLw=",
    "last_login": null,
    "is_superuser": false,
    "first_name": "Ade",
    "last_name": "Okwuosa",
    "is_staff": false,
    "is_active": true,
    "date_joined": "2025-04-10T18:50:33.389Z",
    "email": "admin0@parks.com",
    "nin": "91741900185",
    "role": "park_admin",
    "groups": [],
    "user_permissions": []
  }
},
{
  "model": "accounts.user",
  "fields": {
    "password": "pbkdf2_sha256$870000$8udOm6ltoK8SDDivuXHXcH$2F9u33f7VdNfEmP7ZdHvnljS16wj5ac5G5nkkdmBl2g=",
    "last_login": null,
    "is_superuser": false,
    "first_name": "Ngozi",
    "last_name": "Nwosu",
    "is_staff": false,
    "is_active": true,
    "date_joined": "2025-04-10T18:50:34.014Z",
    "email": "admin1@parks.com",
    "nin": "93939808923",
    "role": "park_admin",
    "groups": [],
    "user_permissions": []
  }
},
{
  "model": "accounts.user",
  "fields": {
    "password": "pbkdf2_sha256$870000$8YHxY6njNgIIp2Q0SyvTok$LrAhcfJHYETrF1dtwLL3U0aKqbOgwWPWEQCtUdOFnYA=",
    "last_login": null,
    "is_superuser": false,
    "first_name": "Hadiza",
    "last_name": "Okwuosa",
    "is_staff": false,
    "is_active": true,
    "date_joined": "2025-04-10T18:50:34.615Z",
    "email": "admin2@parks.com",
    "nin": "98697418183",
    "role": "park_admin",
    "groups": [],
    "user_permissions": []
  }
},
{
  "model": "accounts.user",
  "fields": {
    "password": "pbkdf2_sha256$870000$2mYhcVfL2dqWMXynWLfxka$EneKf0B9vsK6y2/z4LRYE1xXmbQOhCT9F/vvEb9fap0=",
    "last_login": null,
    "is_superuser": false,
    "first_name": "Chinwe",
    "last_name": "Okwuosa",
    "is_staff": false,
    "is_active": true,
    "date_joined": "2025-04-10T18:50:35.254Z",
    "email": "admin3@parks.com",
    "nin": "93081861067",
    "role": "park_admin",
    "groups": [],
    "user_permissions": []
  }
},
{
  "model": "accounts.user",
  "fields": {
    "password": "pbkdf2_sha256$870000$N72xGZqXJQCsYEwk9qB0lQ$fm6OJMZ0czAbgCFxHf+HspJwiW2T7qhTo1X9KBo/J2A=",
    "last_login": null,
    "is_superuser": false,
    "first_name": "Bola",
    "last_name": "Bello",
    "is_staff": false,
    "is_active": true,
    "date_joined": "2025-04-10T18:50:35.881Z",
    "email": "admin4@parks.com",
    "nin": "93549948785",
    "role": "park_admin",
    "groups": [],
    "user_permissions": []
  }
},
{
  "model": "accounts.user",
  "fields": {
    "password": "pbkdf2_sha256$870000$3SY8MEydgwcSBzHsqFePoM$8LCshHe+DhJlvGiTfWfKOSbRQQ1YANb9d9nL1opcSFk=",
    "last_login": null,
    "is_superuser": false,
    "first_name": "Ngozi",
    "last_name": "Abubakar",
    "is_staff": false,
    "is_active": true,
    "date_joined": "2025-04-10T18:50:36.486Z",
    "email": "admin5@parks.com",
    "nin": "92715058996",
    "role": "park_admin",
    "groups": [],
    "user_permissions": []
  }
},
{
  "model": "accounts.user",
  "fields": {
    "password": "pbkdf2_sha256$870000$n2XeLJnFpxPfCZz4bbLQE1$pzK4cK3bkE4iIOCuX8BcXNPI4LIkEPtiVUKJ1oChBlI=",
    "last_login": "2025-05-02T05:53:55.926Z",
    "is_superuser": true,
    "first_name": "",
    "last_name": "",
    "is_staff": true,
    "is_active": true,
    "date_joined": "2025-04-10T18:52:02.029Z",
    "email": "eden@me.com",
    "nin": null,
    "role": "developer",
    "groups": [],
    "user_permissions": []
  }
},
{
  "model": "accounts.user",
  "fields": {
    "password": "pbkdf2_sha256$870000$9g7YisS6HHMBDzWrO6U3FB$1kFLsI9WTx3egig+1naqLkZMOD9aisUOgUzS6rnK63s=",
    "last_login": null,
    "is_superuser": false,
    "first_name": "Tony",
    "last_name": "Romanoff",
    "is_staff": false,
    "is_active": true,
    "date_joined": "2025-04-10T19:08:41.571Z",
    "email": "admin6@parks.com",
    "nin": "92438018273",
    "role": "park_admin",
    "groups": [],
    "user_permissions": []
  }
},
{
  "model": "accounts.user",
  "fields": {
    "password": "pbkdf2_sha256$870000$oXfdENXiVLNE2gR8sDWCdU$YfTbhRsQPrvP5b5obqj+ZDPascgRVSv8aGCvCTwyJGw=",
    "last_login": null,
    "is_superuser": false,
    "first_name": "Selina",
    "last_name": "Strange",
    "is_staff": false,
    "is_active": true,
    "date_joined": "2025-04-10T19:08:42.299Z",
    "email": "admin7@parks.com",
    "nin": "98837354707",
    "role": "park_admin",
    "groups": [],
    "user_permissions": []
  }
},
{
  "model": "accounts.user",
  "fields": {
    "password": "pbkdf2_sha256$870000$nGKAycYTpiS52e3lcEBn0s$ZvF2Pvo+AOg3NQ0zVAs2XsGZJ/03mB/y5h9gQekRDis=",
    "last_login": null,
    "is_superuser": false,
    "first_name": "Bruce",
    "last_name": "Romanoff",
    "is_staff": false,
    "is_active": true,
    "date_joined": "2025-04-10T19:08:42.929Z",
    "email": "admin8@parks.com",
    "nin": "91501961946",
    "role": "park_admin",
    "groups": [],
    "user_permissions": []
  }
},
{
  "model": "accounts.user",
  "fields": {
    "password": "pbkdf2_sha256$870000$tVB8wYXJr5fZnWBP9PfeuV$1k9ReJUVSyvzESEsvIZbRYZsIvHxhx+tLlkwFvy7nLk=",
    "last_login": null,
    "is_superuser": false,
    "first_name": "Arya",
    "last_name": "Lanister",
    "is_staff": false,
    "is_active": true,
    "date_joined": "2025-04-10T19:08:43.493Z",
    "email": "admin9@parks.com",
    "nin": "94167940333",
    "role": "park_admin",
    "groups": [],
    "user_permissions": []
  }
},
{
  "model": "accounts.user",
  "fields": {
    "password": "pbkdf2_sha256$870000$mEswiEuUCOZzDJma6RyErX$nPAyNQ17J9/wHSNBgrqZl9qNYletHaWts0lMgyXfwfg=",
    "last_login": null,
    "is_superuser": false,
    "first_name": "Loki",
    "last_name": "Lanister",
    "is_staff": false,
    "is_active": true,
    "date_joined": "2025-04-10T19:08:44.177Z",
    "email": "admin10@parks.com",
    "nin": "95327495582",
    "role": "park_admin",
    "groups": [],
    "user_permissions": []
  }
},
{
  "model": "accounts.user",
  "fields": {
    "password": "pbkdf2_sha256$870000$wtBtTpK6BGM21aNTBLLRLB$F8sSjQfz64vtkkqL9YhbkVh0YbQ9kSjFx7RMCefdtzk=",
    "last_login": null,
    "is_superuser": false,
    "first_name": "Natasha",
    "last_name": "Bladewalker",
    "is_staff": false,
    "is_active": true,
    "date_joined": "2025-04-10T19:08:44.888Z",
    "email": "admin11@parks.com",
    "nin": "97278875025",
    "role": "park_admin",
    "groups": [],
    "user_permissions": []
  }
},
{
  "model": "accounts.user",
  "fields": {
    "password": "pbkdf2_sha256$870000$ofUULfSY9Bn7rYPnS2KFSW$mLDmlqb7gtMwUmBTs1LqgauCJL6lC3xyCfd86+de/Pg=",
    "last_login": null,
    "is_superuser": false,
    "first_name": "Yennefer",
    "last_name": "Maximoff",
    "is_staff": false,
    "is_active": true,
    "date_joined": "2025-04-10T19:08:45.470Z",
    "email": "admin12@parks.com",
    "nin": "91686179675",
    "role": "park_admin",
    "groups": [],
    "user_permissions": []
  }
},
{
  "model": "accounts.user",
  "fields": {
    "password": "pbkdf2_sha256$870000$c5KVz69dUSCRqIKMpROSO0$ScL5lpTHNYPJnt93VYlZp21h1bXFMiXBr4Ebxc47PNk=",
    "last_login": null,
    "is_superuser": false,
    "first_name": "Killmonger",
    "last_name": "Wick",
    "is_staff": false,
    "is_active": true,
    "date_joined": "2025-04-10T19:08:46.128Z",
    "email": "admin13@parks.com",
    "nin": "99897470978",
    "role": "park_admin",
    "groups": [],
    "user_permissions": []
  }
},
{
  "model": "accounts.user",
  "fields": {
    "password": "pbkdf2_sha256$870000$q0iH78xiiz3RDP9UzK4qTc$i+J3OZTLERqSEfmKQRO7A/XjaCrAji8o3ohFNi1vxcA=",
    "last_login": null,
    "is_superuser": false,
    "first_name": "Arya",
    "last_name": "Skywalker",
    "is_staff": false,
    "is_active": true,
    "date_joined": "2025-04-10T19:08:46.723Z",
    "email": "admin14@parks.com",
    "nin": "98269232294",
    "role": "park_admin",
    "groups": [],
    "user_permissions": []
  }
},
{
  "model": "accounts.user",
  "fields": {
    "password": "",
    "last_login": null,
    "is_superuser": false,
    "first_name": "Eden",
    "last_name": "Iyanda",
    "is_staff": false,
    "is_active": true,
    "date_joined": "2025-04-22T23:07:55.698Z",
    "email": "edeniyanda@gmail.com",
    "nin": "95706546101",
    "role": "passenger",
    "groups": [],
    "user_permissions": []
  }
},
{
  "model": "accounts.user",
  "fields": {
    "password": "",
    "last_login": null,
    "is_superuser": false,
    "first_name": "Ezekiel",
    "last_name": "Eyitayo Feranmi",
    "is_staff": false,
    "is_active": true,
    "date_joined": "2025-05-01T18:23:12.029Z",
    "email": "ezekieleyitayo2020@gmail.com",
    "nin": "96746667013",
    "role": "passenger",
    "groups": [],
    "user_permissions": []
  }
},
{
  "model": "accounts.user",
  "fields": {
    "password": "",
    "last_login": null,
    "is_superuser": false,
    "first_name": "Feranmi",
    "last_name": "Ezekiel",
    "is_staff": false,
    "is_active": true,
    "date_joined": "2025-05-03T16:22:37.409Z",
    "email": "ezekielferanmi01@gmail.com",
    "nin": "92778284720",
    "role": "passenger",
    "groups": [],
    "user_permissions": []
  }
},
{
  "model": "core.booking",
  "pk": 4,
  "fields": {
    "user": [
      "admin10@parks.com"
    ],
    "trip": 8,
    "payment_status": "pending",
    "price": 3000.0,
    "payment_reference": "REF-20250412-DUGBE65-76ATD",
    "status": "completed",
    "created_at": "2025-04-12T03:49:51.580Z",
    "seat_count": 1
  }
},
{
  "model": "core.booking",
  "pk": 5,
  "fields": {
    "user": [
      "admin10@parks.com"
    ],
    "trip": 6,
    "payment_status": "pending",
    "price": 12000.0,
    "payment_reference": "REF-20250413-JIBOW46-1K23Z",
    "status": "cancelled",
    "created_at": "2025-04-12T03:56:33.383Z",
    "seat_count": 4
  }
},
{
  "model": "core.booking",
  "pk": 6,
  "fields": {
    "user": [
      "admin10@parks.com"
    ],
    "trip": 6,
    "payment_status": "pending",
    "price": 18000.0,
    "payment_reference": "REF-20250413-JIBOW46-5KMUA",
    "status": "completed",
    "created_at": "2025-04-12T04:24:28.434Z",
    "seat_count": 6
  }
},
{
  "model": "core.booking",
  "pk": 7,
  "fields": {
    "user": [
      "admin10@parks.com"
    ],
    "trip": 5,
    "payment_status": "pending",
    "price": 8000.0,
    "payment_reference": "REF-20250412-JIBOW46-9JSZQ",
    "status": "completed",
    "created_at": "2025-04-12T05:55:57.628Z",
    "seat_count": 4
  }
},
{
  "model": "core.booking",
  "pk": 8,
  "fields": {
    "user": [
      "admin10@parks.com"
    ],
    "trip": 10,
    "payment_status": "pending",
    "price": 12000.0,
    "payment_reference": "REF-20250426-DUGBE65-LHERC",
    "status": "completed",
    "created_at": "2025-04-14T21:30:55.794Z",
    "seat_count": 6
  }
},
{
  "model": "core.booking",
  "pk": 10,
  "fields": {
    "user": [
      "admin10@parks.com"
    ],
    "trip": 14,
    "payment_status": "pending",
    "price": 2000.0,
    "payment_reference": "REF-20250430-DUGBE65-U0CMZ",
    "status": "completed",
    "created_at": "2025-04-15T17:23:08.187Z",
    "seat_count": 1
  }
},
{
  "model": "core.booking",
  "pk": 11,
  "fields": {
    "user": [
      "admin10@parks.com"
    ],
    "trip": 16,
    "payment_status": "pending",
    "price": 10000.0,
    "payment_reference": "REF-20250423-UTAKO82-IRPS3",
    "status": "completed",
    "created_at": "2025-04-17T10:06:15.852Z",
    "seat_count": 5
  }
},
{
  "model": "core.booking",
  "pk": 12,
  "fields": {
    "user": [
      "edeniyanda@gmail.com"
    ],
    "trip": 12,
    "payment_status": "completed",
    "price": 8000.0,
    "payment_reference": "REF-20250430-DUGBE65-337AP",
    "status": "completed",
    "created_at": "2025-04-22T23:11:01.362Z",
    "seat_count": 4
  }
},
{
  "model": "core.booking",
  "pk": 13,
  "fields": {
    "user": [
      "admin10@parks.com"
    ],
    "trip": 15,
    "payment_status": "completed",
    "price": 4000.0,
    "payment_reference": "REF-20250430-DUGBE65-HHLLA",
    "status": "completed",
    "created_at": "2025-04-28T13:23:51.157Z",
    "seat_count": 2
  }
},
{
  "model": "core.booking",
  "pk": 14,
  "fields": {
    "user": [
      "admin10@parks.com"
    ],
    "trip": 15,
    "payment_status": "completed",
    "price": 10000.0,
    "payment_reference": "REF-20250430-DUGBE65-OMU61",
    "status": "completed",
    "created_at": "2025-04-28T20:27:31.928Z",
    "seat_count": 5
  }
},
{
  "model": "core.booking",
  "pk": 15,
  "fields": {
    "user": [
      "admin10@parks.com"
    ],
    "trip": 20,
    "payment_status": "failed",
    "price": 12000.0,
    "payment_reference": "REF-20250501-DUGBE65-J5TXS",
    "status": "cancelled",
    "created_at": "2025-04-28T21:15:06.943Z",
    "seat_count": 4
  }
},
{
  "model": "core.booking",
  "pk": 16,
  "fields": {
    "user": [
      "admin10@parks.com"
    ],
    "trip": 20,
    "payment_status": "failed",
    "price": 12000.0,
    "payment_reference": "REF-20250501-DUGBE65-NJVYC",
    "status": "cancelled",
    "created_at": "2025-04-28T21:15:21.436Z",
    "seat_count": 4
  }
},
{
  "model": "core.booking",
  "pk": 17,
  "fields": {
    "user": [
      "admin10@parks.com"
    ],
    "trip": 20,
    "payment_status": "failed",
    "price": 12000.0,
    "payment_reference": "REF-20250501-DUGBE65-WFRRJ",
    "status": "cancelled",
    "created_at": "2025-04-28T21:15:27.729Z",
    "seat_count": 4
  }
},
{
  "model": "core.booking",
  "pk": 18,
  "fields": {
    "user": [
      "admin10@parks.com"
    ],
    "trip": 20,
    "payment_status": "failed",
    "price": 12000.0,
    "payment_reference": "REF-20250501-DUGBE65-8PWPT",
    "status": "cancelled",
    "created_at": "2025-04-28T21:15:32.935Z",
    "seat_count": 4
  }
},
{
  "model": "core.booking",
  "pk": 19,
  "fields": {
    "user": [
      "admin10@parks.com"
    ],
    "trip": 20,
    "payment_status": "pending",
    "price": 12000.0,
    "payment_reference": "REF-20250501-DUGBE65-MR2JC",
    "status": "completed",
    "created_at": "2025-04-28T21:19:33.225Z",
    "seat_count": 4
  }
},
{
  "model": "core.booking",
  "pk": 20,
  "fields": {
    "user": [
      "admin10@parks.com"
    ],
    "trip": 18,
    "payment_status": "pending",
    "price": 12000.0,
    "payment_reference": "REF-20250501-DUGBE65-ZC7PC",
    "status": "completed",
    "created_at": "2025-04-28T21:20:18.037Z",
    "seat_count": 4
  }
},
{
  "model": "core.booking",
  "pk": 21,
  "fields": {
    "user": [
      "admin10@parks.com"
    ],
    "trip": 18,
    "payment_status": "completed",
    "price": 12000.0,
    "payment_reference": "REF-20250501-DUGBE65-LJ5R9",
    "status": "completed",
    "created_at": "2025-04-28T21:21:05.804Z",
    "seat_count": 4
  }
},
{
  "model": "core.booking",
  "pk": 22,
  "fields": {
    "user": [
      "ezekieleyitayo2020@gmail.com"
    ],
    "trip": 22,
    "payment_status": "successful",
    "price": 12000.0,
    "payment_reference": "REF-20250524-DUGBE65-5KFJZ",
    "status": "confirmed",
    "created_at": "2025-05-04T18:31:57.540Z",
    "seat_count": 3
  }
},
{
  "model": "core.booking",
  "pk": 23,
  "fields": {
    "user": [
      "ezekieleyitayo2020@gmail.com"
    ],
    "trip": 22,
    "payment_status": "successful",
    "price": 4000.0,
    "payment_reference": "REF-20250524-DUGBE65-S1IMV",
    "status": "confirmed",
    "created_at": "2025-05-04T23:20:53.331Z",
    "seat_count": 1
  }
},
{
  "model": "core.buspark",
  "pk": 1,
  "fields": {
    "name": "Jibowu Terminal",
    "code": "JIBOW46",
    "city": 1,
    "latitude": 6.5175,
    "longitude": 3.3721,
    "status": "active",
    "admin": [
      "admin9@parks.com"
    ]
  }
},
{
  "model": "core.buspark",
  "pk": 2,
  "fields": {
    "name": "Ojota New Garage",
    "code": "OJOTA10",
    "city": 1,
    "latitude": 6.5892,
    "longitude": 3.3703,
    "status": "active",
    "admin": [
      "admin8@parks.com"
    ]
  }
},
{
  "model": "core.buspark",
  "pk": 3,
  "fields": {
    "name": "Mile 2 Park",
    "code": "MILE-18",
    "city": 1,
    "latitude": 6.4654,
    "longitude": 3.3133,
    "status": "active",
    "admin": [
      "admin7@parks.com"
    ]
  }
},
{
  "model": "core.buspark",
  "pk": 4,
  "fields": {
    "name": "CMS Bus Park",
    "code": "CMS-B17",
    "city": 1,
    "latitude": 6.45,
    "longitude": 3.4,
    "status": "active",
    "admin": [
      "admin6@parks.com"
    ]
  }
},
{
  "model": "core.buspark",
  "pk": 5,
  "fields": {
    "name": "Utako Motor Park",
    "code": "UTAKO82",
    "city": 2,
    "latitude": 9.0723,
    "longitude": 7.4496,
    "status": "active",
    "admin": [
      "admin4@parks.com"
    ]
  }
},
{
  "model": "core.buspark",
  "pk": 6,
  "fields": {
    "name": "Garki Model Park",
    "code": "GARKI26",
    "city": 2,
    "latitude": 9.0292,
    "longitude": 7.5004,
    "status": "active",
    "admin": [
      "admin2@parks.com"
    ]
  }
},
{
  "model": "core.buspark",
  "pk": 7,
  "fields": {
    "name": "Area 1 Bus Terminal",
    "code": "AREA-19",
    "city": 2,
    "latitude": 9.035,
    "longitude": 7.4891,
    "status": "active",
    "admin": [
      "admin1@parks.com"
    ]
  }
},
{
  "model": "core.buspark",
  "pk": 8,
  "fields": {
    "name": "Berger Junction",
    "code": "BERGE18",
    "city": 2,
    "latitude": 9.0667,
    "longitude": 7.4833,
    "status": "active",
    "admin": [
      "admin13@parks.com"
    ]
  }
},
{
  "model": "core.buspark",
  "pk": 9,
  "fields": {
    "name": "Iwo Road Park",
    "code": "IWO-R87",
    "city": 3,
    "latitude": 7.3916,
    "longitude": 3.9377,
    "status": "active",
    "admin": [
      "admin12@parks.com"
    ]
  }
},
{
  "model": "core.buspark",
  "pk": 10,
  "fields": {
    "name": "Challenge Park",
    "code": "CHALL59",
    "city": 3,
    "latitude": 7.3601,
    "longitude": 3.8753,
    "status": "active",
    "admin": [
      "admin11@parks.com"
    ]
  }
},
{
  "model": "core.buspark",
  "pk": 11,
  "fields": {
    "name": "Dugbe Park",
    "code": "DUGBE65",
    "city": 3,
    "latitude": 7.3878,
    "longitude": 3.8964,
    "status": "active",
    "admin": [
      "admin10@parks.com"
    ]
  }
},
{
  "model": "core.buspark",
  "pk": 12,
  "fields": {
    "name": "Ojoo Motor Park",
    "code": "OJOO-42",
    "city": 3,
    "latitude": 7.4519,
    "longitude": 3.9004,
    "status": "active",
    "admin": [
      "admin0@parks.com"
    ]
  }
},
{
  "model": "admin.logentry",
  "pk": 1,
  "fields": {
    "action_time": "2025-04-10T19:09:36.791Z",
    "user": [
      "eden@me.com"
    ],
    "content_type": [
      "core",
      "buspark"
    ],
    "object_id": "12",
    "object_repr": "Ojoo Motor Park (Ibadan)",
    "action_flag": 2,
    "change_message": "[{\"changed\": {\"fields\": [\"Admin\"]}}]"
  }
},
{
  "model": "admin.logentry",
  "pk": 2,
  "fields": {
    "action_time": "2025-04-10T19:10:31.598Z",
    "user": [
      "eden@me.com"
    ],
    "content_type": [
      "core",
      "buspark"
    ],
    "object_id": "11",
    "object_repr": "Dugbe Park (Ibadan)",
    "action_flag": 2,
    "change_message": "[{\"changed\": {\"fields\": [\"Admin\"]}}]"
  }
},
{
  "model": "admin.logentry",
  "pk": 3,
  "fields": {
    "action_time": "2025-04-10T19:10:37.810Z",
    "user": [
      "eden@me.com"
    ],
    "content_type": [
      "core",
      "buspark"
    ],
    "object_id": "10",
    "object_repr": "Challenge Park (Ibadan)",
    "action_flag": 2,
    "change_message": "[{\"changed\": {\"fields\": [\"Admin\"]}}]"
  }
},
{
  "model": "admin.logentry",
  "pk": 4,
  "fields": {
    "action_time": "2025-04-10T19:10:44.695Z",
    "user": [
      "eden@me.com"
    ],
    "content_type": [
      "core",
      "buspark"
    ],
    "object_id": "10",
    "object_repr": "Challenge Park (Ibadan)",
    "action_flag": 2,
    "change_message": "[]"
  }
},
{
  "model": "admin.logentry",
  "pk": 5,
  "fields": {
    "action_time": "2025-04-10T19:10:55.300Z",
    "user": [
      "eden@me.com"
    ],
    "content_type": [
      "core",
      "buspark"
    ],
    "object_id": "9",
    "object_repr": "Iwo Road Park (Ibadan)",
    "action_flag": 2,
    "change_message": "[{\"changed\": {\"fields\": [\"Admin\"]}}]"
  }
},
{
  "model": "admin.logentry",
  "pk": 6,
  "fields": {
    "action_time": "2025-04-10T19:10:59.643Z",
    "user": [
      "eden@me.com"
    ],
    "content_type": [
      "core",
      "buspark"
    ],
    "object_id": "9",
    "object_repr": "Iwo Road Park (Ibadan)",
    "action_flag": 2,
    "change_message": "[]"
  }
},
{
  "model": "admin.logentry",
  "pk": 7,
  "fields": {
    "action_time": "2025-04-10T19:11:06.145Z",
    "user": [
      "eden@me.com"
    ],
    "content_type": [
      "core",
      "buspark"
    ],
    "object_id": "8",
    "object_repr": "Berger Junction (Abuja)",
    "action_flag": 2,
    "change_message": "[{\"changed\": {\"fields\": [\"Admin\"]}}]"
  }
},
{
  "model": "admin.logentry",
  "pk": 8,
  "fields": {
    "action_time": "2025-04-10T19:11:17.710Z",
    "user": [
      "eden@me.com"
    ],
    "content_type": [
      "core",
      "buspark"
    ],
    "object_id": "7",
    "object_repr": "Area 1 Bus Terminal (Abuja)",
    "action_flag": 2,
    "change_message": "[{\"changed\": {\"fields\": [\"Admin\"]}}]"
  }
},
{
  "model": "admin.logentry",
  "pk": 9,
  "fields": {
    "action_time": "2025-04-10T19:11:27.554Z",
    "user": [
      "eden@me.com"
    ],
    "content_type": [
      "core",
      "buspark"
    ],
    "object_id": "6",
    "object_repr": "Garki Model Park (Abuja)",
    "action_flag": 2,
    "change_message": "[{\"changed\": {\"fields\": [\"Admin\"]}}]"
  }
},
{
  "model": "admin.logentry",
  "pk": 10,
  "fields": {
    "action_time": "2025-04-10T19:11:41.527Z",
    "user": [
      "eden@me.com"
    ],
    "content_type": [
      "core",
      "buspark"
    ],
    "object_id": "5",
    "object_repr": "Utako Motor Park (Abuja)",
    "action_flag": 2,
    "change_message": "[{\"changed\": {\"fields\": [\"Admin\"]}}]"
  }
},
{
  "model": "admin.logentry",
  "pk": 11,
  "fields": {
    "action_time": "2025-04-10T19:11:49.742Z",
    "user": [
      "eden@me.com"
    ],
    "content_type": [
      "core",
      "buspark"
    ],
    "object_id": "4",
    "object_repr": "CMS Bus Park (Lagos)",
    "action_flag": 2,
    "change_message": "[{\"changed\": {\"fields\": [\"Admin\"]}}]"
  }
},
{
  "model": "admin.logentry",
  "pk": 12,
  "fields": {
    "action_time": "2025-04-10T19:11:58.727Z",
    "user": [
      "eden@me.com"
    ],
    "content_type": [
      "core",
      "buspark"
    ],
    "object_id": "3",
    "object_repr": "Mile 2 Park (Lagos)",
    "action_flag": 2,
    "change_message": "[{\"changed\": {\"fields\": [\"Admin\"]}}]"
  }
},
{
  "model": "admin.logentry",
  "pk": 13,
  "fields": {
    "action_time": "2025-04-10T19:12:08.276Z",
    "user": [
      "eden@me.com"
    ],
    "content_type": [
      "core",
      "buspark"
    ],
    "object_id": "2",
    "object_repr": "Ojota New Garage (Lagos)",
    "action_flag": 2,
    "change_message": "[{\"changed\": {\"fields\": [\"Admin\"]}}]"
  }
},
{
  "model": "admin.logentry",
  "pk": 14,
  "fields": {
    "action_time": "2025-04-10T19:12:14.550Z",
    "user": [
      "eden@me.com"
    ],
    "content_type": [
      "core",
      "buspark"
    ],
    "object_id": "1",
    "object_repr": "Jibowu Terminal (Lagos)",
    "action_flag": 2,
    "change_message": "[{\"changed\": {\"fields\": [\"Admin\"]}}]"
  }
},
{
  "model": "admin.logentry",
  "pk": 15,
  "fields": {
    "action_time": "2025-04-11T11:50:55.502Z",
    "user": [
      "eden@me.com"
    ],
    "content_type": [
      "core",
      "trip"
    ],
    "object_id": "1",
    "object_repr": "Dugbe Park  Jibowu Terminal on 2025-04-10",
    "action_flag": 3,
    "change_message": ""
  }
},
{
  "model": "admin.logentry",
  "pk": 16,
  "fields": {
    "action_time": "2025-04-12T03:34:47.999Z",
    "user": [
      "eden@me.com"
    ],
    "content_type": [
      "core",
      "trip"
    ],
    "object_id": "2",
    "object_repr": "Dugbe Park  Jibowu Terminal on 2025-04-11",
    "action_flag": 3,
    "change_message": ""
  }
},
{
  "model": "admin.logentry",
  "pk": 17,
  "fields": {
    "action_time": "2025-04-12T03:34:47.999Z",
    "user": [
      "eden@me.com"
    ],
    "content_type": [
      "core",
      "trip"
    ],
    "object_id": "4",
    "object_repr": "Dugbe Park  Jibowu Terminal on 2025-04-11",
    "action_flag": 3,
    "change_message": ""
  }
},
{
  "model": "admin.logentry",
  "pk": 18,
  "fields": {
    "action_time": "2025-04-12T03:34:47.999Z",
    "user": [
      "eden@me.com"
    ],
    "content_type": [
      "core",
      "trip"
    ],
    "object_id": "3",
    "object_repr": "Dugbe Park  Jibowu Terminal on 2025-04-11",
    "action_flag": 3,
    "change_message": ""
  }
},
{
  "model": "admin.logentry",
  "pk": 19,
  "fields": {
    "action_time": "2025-04-12T05:49:42.477Z",
    "user": [
      "eden@me.com"
    ],
    "content_type": [
      "core",
      "booking"
    ],
    "object_id": "4",
    "object_repr": "admin10@parks.com | Dugbe Park  Challenge Park",
    "action_flag": 2,
    "change_message": "[{\"changed\": {\"fields\": [\"Status\"]}}]"
  }
},
{
  "model": "admin.logentry",
  "pk": 20,
  "fields": {
    "action_time": "2025-04-14T12:32:31.257Z",
    "user": [
      "eden@me.com"
    ],
    "content_type": [
      "core",
      "booking"
    ],
    "object_id": "7",
    "object_repr": "admin10@parks.com | Jibowu Terminal  CMS Bus Park",
    "action_flag": 2,
    "change_message": "[{\"changed\": {\"fields\": [\"Status\"]}}]"
  }
},
{
  "model": "admin.logentry",
  "pk": 21,
  "fields": {
    "action_time": "2025-04-14T14:39:57.427Z",
    "user": [
      "eden@me.com"
    ],
    "content_type": [
      "core",
      "booking"
    ],
    "object_id": "7",
    "object_repr": "admin10@parks.com | Jibowu Terminal  CMS Bus Park",
    "action_flag": 2,
    "change_message": "[{\"changed\": {\"fields\": [\"Status\"]}}]"
  }
},
{
  "model": "admin.logentry",
  "pk": 22,
  "fields": {
    "action_time": "2025-04-14T14:40:03.745Z",
    "user": [
      "eden@me.com"
    ],
    "content_type": [
      "core",
      "booking"
    ],
    "object_id": "6",
    "object_repr": "admin10@parks.com | Jibowu Terminal  Challenge Park",
    "action_flag": 2,
    "change_message": "[]"
  }
},
{
  "model": "admin.logentry",
  "pk": 23,
  "fields": {
    "action_time": "2025-04-14T14:40:11.498Z",
    "user": [
      "eden@me.com"
    ],
    "content_type": [
      "core",
      "booking"
    ],
    "object_id": "4",
    "object_repr": "admin10@parks.com | Dugbe Park  Challenge Park",
    "action_flag": 2,
    "change_message": "[{\"changed\": {\"fields\": [\"Status\"]}}]"
  }
},
{
  "model": "admin.logentry",
  "pk": 24,
  "fields": {
    "action_time": "2025-04-14T15:17:53.462Z",
    "user": [
      "eden@me.com"
    ],
    "content_type": [
      "core",
      "trip"
    ],
    "object_id": "5",
    "object_repr": "Jibowu Terminal  CMS Bus Park on 2025-04-12",
    "action_flag": 2,
    "change_message": "[{\"changed\": {\"fields\": [\"Departure datetime\"]}}]"
  }
},
{
  "model": "admin.logentry",
  "pk": 25,
  "fields": {
    "action_time": "2025-04-15T17:18:28.990Z",
    "user": [
      "eden@me.com"
    ],
    "content_type": [
      "core",
      "trip"
    ],
    "object_id": "13",
    "object_repr": "Jibowu Terminal  Challenge Park on 2025-04-30",
    "action_flag": 1,
    "change_message": "[{\"added\": {}}]"
  }
},
{
  "model": "admin.logentry",
  "pk": 26,
  "fields": {
    "action_time": "2025-04-15T17:19:15.738Z",
    "user": [
      "eden@me.com"
    ],
    "content_type": [
      "core",
      "trip"
    ],
    "object_id": "14",
    "object_repr": "Jibowu Terminal  Challenge Park on 2025-04-30",
    "action_flag": 1,
    "change_message": "[{\"added\": {}}]"
  }
},
{
  "model": "admin.logentry",
  "pk": 27,
  "fields": {
    "action_time": "2025-04-15T17:19:49.959Z",
    "user": [
      "eden@me.com"
    ],
    "content_type": [
      "core",
      "trip"
    ],
    "object_id": "15",
    "object_repr": "Jibowu Terminal  Challenge Park on 2025-04-30",
    "action_flag": 1,
    "change_message": "[{\"added\": {}}]"
  }
},
{
  "model": "admin.logentry",
  "pk": 28,
  "fields": {
    "action_time": "2025-04-15T17:21:04.249Z",
    "user": [
      "eden@me.com"
    ],
    "content_type": [
      "core",
      "trip"
    ],
    "object_id": "13",
    "object_repr": "Dugbe Park  Challenge Park on 2025-04-30",
    "action_flag": 2,
    "change_message": "[{\"changed\": {\"fields\": [\"Route\", \"Bus\"]}}]"
  }
},
{
  "model": "admin.logentry",
  "pk": 29,
  "fields": {
    "action_time": "2025-04-15T17:21:35.846Z",
    "user": [
      "eden@me.com"
    ],
    "content_type": [
      "core",
      "trip"
    ],
    "object_id": "14",
    "object_repr": "Dugbe Park  Challenge Park on 2025-04-30",
    "action_flag": 2,
    "change_message": "[{\"changed\": {\"fields\": [\"Route\", \"Bus\"]}}]"
  }
},
{
  "model": "admin.logentry",
  "pk": 30,
  "fields": {
    "action_time": "2025-04-15T17:22:04.220Z",
    "user": [
      "eden@me.com"
    ],
    "content_type": [
      "core",
      "trip"
    ],
    "object_id": "15",
    "object_repr": "Dugbe Park  Challenge Park on 2025-04-30",
    "action_flag": 2,
    "change_message": "[{\"changed\": {\"fields\": [\"Route\", \"Bus\"]}}]"
  }
},
{
  "model": "admin.logentry",
  "pk": 31,
  "fields": {
    "action_time": "2025-04-17T10:04:38.415Z",
    "user": [
      "eden@me.com"
    ],
    "content_type": [
      "core",
      "trip"
    ],
    "object_id": "16",
    "object_repr": "Utako Motor Park  Ojota New Garage on 2025-04-23",
    "action_flag": 1,
    "change_message": "[{\"added\": {}}]"
  }
},
{
  "model": "admin.logentry",
  "pk": 32,
  "fields": {
    "action_time": "2025-04-17T10:05:14.416Z",
    "user": [
      "eden@me.com"
    ],
    "content_type": [
      "core",
      "trip"
    ],
    "object_id": "17",
    "object_repr": "Utako Motor Park  Ojota New Garage on 2025-04-23",
    "action_flag": 1,
    "change_message": "[{\"added\": {}}]"
  }
}
]
